{"n_features": 12, "hidden": [32, 16], "lr": 0.01, "min_samples": 10, "retrain_every": 10, "trained": false, "weights": [{"W": [[0.12440022688488721, -0.4245717334822708, 0.3063704177645479, 0.3839839375373412, -0.7965067804027692, -0.5316125575536176, 0.05219062604525527, -0.12910549769612778, -0.006859043828940004, -0.3482537251224934, 0.35901271987513295, 0.3175322279754475], [0.026956919397502818, 0.460194295685121, 0.19085988975028265, -0.3508046789805645, 0.15054187720888923, -0.3914621825439816, 0.35862583376615936, -0.020382167809988742, -0.07546974388846178, -0.27798832242924615, 0.49910041153507545, -0.06308639688085466], [-0.17486410115619805, -0.14375792000179013, 0.21731431500036585, 0.14919191453680092, 0.16849738310274784, 0.17588193797389493, 0.8743239718313994, -0.16591823565786218, -0.20912221844599888, -0.3322213251333099, 0.2514725462273636, 0.46090100848437193], [-0.04651885479030617, -0.342992445442094, -0.33659304682551605, 0.26560339341755296, 0.30343224477394065, 0.22174180149374623, -0.2716932002877153, 0.09477946325381695, 0.047636782103094896, 0.08927924575856068, 0.3557593088583618, 0.09128250054259333], [0.2771653014968311, 0.027589039589978544, 0.11803250025512607, 0.2577223389885492, -0.5948813723955446, -0.13050522758837196, -0.19202883199598342, -0.2608207893605757, -0.11232635369767235, 0.6103072346552479, -0.35347407281218574, 0.3952979829551342], [-0.6870287073354638, -0.13671624099363208, 0.06644366059687233, 0.23932426460916553, 0.2903570353328933, 0.32388265251460174, -0.14236641458731175, -0.18875432894821198, 0.3502671867824594, -0.07809966359126273, -0.5207967606708374, -0.46266256772147507], [-0.37536482392324866, 0.20296502384569132, 0.058145063268865614, 0.28188946538850157, -0.17442516246305156, 0.06472355785273755, 0.2553962088677798, -0.12629019600169883, 0.18647770985903814, -0.27023013385414413, -0.14821611220652017, -0.1558438426300932], [-0.48819949098063725, 0.19880568278366015, -0.19163270292749865, 0.005100702611430929, 0.19626400164455118, 0.18229558925304296, 0.2716423332382512, -0.040206530686477455, -0.1728108122482646, -0.032544823321375094, -0.6888513981041756, -0.5907811929756595], [-0.5399898555408991, -0.40712431253881565, 0.16320714463135577, -0.3696602764015784, -0.15438421620402906, 0.5304077314934359, -0.1454441571396943, 0.3010894700171722, -0.3811478218108702, -0.08386953179653088, -0.387844879820211, -0.13840967364710974], [0.34305436057985456, -0.7051756098515928, 0.17735270981467885, 0.09705515323454922, -0.24256070369239627, -0.5903506469659283, 0.02944674821618725, -0.21616449328837692, 0.09498966551716637, 0.008921101052913112, 0.6539234940828655, -0.0977165257287674], [-0.4178411016569266, 0.07318897149273963, 0.08981327013919187, 0.5548860040116314, 0.3409327384917734, 0.14569199981381534, 0.5973909037712142, -0.4853104846939042, -0.26117746956672055, -0.37827304406375006, -0.15913918574439723, -0.5620297662451446], [0.2592992882234845, -0.09072203619284308, -0.6004541553341991, -0.41460842373383955, 0.12799149225829057, 0.3421637385352259, 0.8151619730495566, 1.1895793703943085, 0.16918194268702383, -0.4039772458518334, -0.8704042492983943, 0.10929274683945181], [-0.3318818124082609, -0.1695688914001105, -0.24988747181456933, -0.0574776386923812, 0.43518460688732963, 0.06411480917936063, -0.064762401029058, -0.42280387410362175, -0.6836864492445418, -0.19853437251824307, -0.02195663442836518, 0.7217543648789123], [0.05318435068230346, 0.40120172534645593, -0.20383657453974008, -0.4837512669355613, -0.39400726827938437, -0.29607230104655646, 0.8689441295707319, -0.33532970760314507, 0.34231178399776857, -0.3686184768673885, 0.3803130899481804, 0.15715557382513112], [-0.06394715394076894, -0.016641231609779476, -0.26731595727582125, 0.18210821367851124, -0.18574622803842206, -0.5003514578406362, -0.5217158300355205, 0.07045872236477313, 0.6446613059159936, 0.06531630272991115, -0.04843389381785384, 0.11668803286262358], [0.5331729783946388, 0.08956253113948044, -0.1677603394929224, 0.4516404746414218, 0.17503908302732818, 0.6269697583019979, 0.0748051457499512, -0.4998873889258359, -0.5585486541744504, 0.673988506012448, 0.7036835838409433, -0.07328841192803932], [-0.15643556878119427, 0.5966321339160493, -0.4519495071596552, -0.36527077592054447, 0.262637064141399, -0.1610968668157101, -0.0020909933324528597, -0.0667252839110909, 0.13781423245127453, 0.5746020637402208, 0.036981133384465806, 0.26288691151864013], [-0.8369792554026212, -0.019889204302102018, -0.3442473163144458, -0.4975783483129751, -0.35850420256545745, -0.13640532347001044, 0.37391564714834824, -0.5414975595008942, 0.012505254486027403, -0.1976613434532907, -0.1337719806042746, 0.40937416792986564], [0.21968470722906738, 0.5459904910331059, -0.06307667942072982, -0.2841173814755206, -0.09138997929672689, 0.09899890047944844, 0.07208577173019041, -0.4426995766886759, 0.03694229865402793, 0.09317382561463017, 1.027754472110382, 0.7662186040220553], [-0.34833513921529685, -0.1173237660602094, -0.59744769544297, -0.24115512861560662, 0.12884520317759784, 0.4922876792772805, -0.29764723036366064, -0.26705416587069974, -0.876627075522613, -0.06640808397918913, -0.4337288674058371, -0.21614274112636617], [-0.3579769136617305, -0.03848252662836353, -0.7175896108711407, -0.5989187134640103, 0.8692614934606702, -0.5255880679096969, -0.44776083740952577, 0.7499168076671193, 1.18598870552509, -0.4782900733824569, -0.15033700707381442, 0.1394394697699059], [0.70573785805749, -0.40288271520049035, -0.10013426129452506, 0.3173467365405301, 0.17749250665268163, -0.1535650730272911, -0.054632996488479996, -0.5612988633329761, -0.09723402381103488, -0.10875223739711531, 0.09478296053710276, -0.22671138773091487], [0.19250479571690873, 0.41343950135065793, 0.06345375730859887, 0.14360395238868323, 0.021700579777676792, 3.4453335296799674e-05, -0.2945748336643342, 0.12920824126975053, -0.03971708748735144, 0.8545323837740504, 0.6423194492284556, 0.15752119546256652], [-0.3115168013840143, -0.45414008172961984, 0.4862820742966066, 0.10726692198702394, 0.19601772361212608, -0.7122242467494253, 0.3786251746065282, 0.1855163262280241, -0.45333142859082803, -0.19249919655274383, 0.10766209784445832, 0.02141948073504868], [-0.11927838712710101, -0.042248908520994506, -0.1028693338885272, 0.062283384754705205, 0.6007340824057532, -1.0478339207148462, -0.09669371558199236, 0.07206089427093851, 0.12083904027733668, -0.15183349202299995, -0.7171786645175116, 0.13390359550615308], [0.7051877719649162, -0.6261962963655123, 0.3526563098470798, -0.13411986071418058, -0.02503555934844164, -0.42984401702683456, -0.13654116059937377, 0.5307409833126355, 0.2378680064712898, 0.7072132514593197, 0.4806763908469711, 0.1792563860384546], [0.7119582889889081, 0.1792182065802417, 0.3380247577016901, -0.12107458478178244, 0.027167215562043392, -0.2847220835911093, 0.403995949568852, -0.48104043978401984, 0.3193931898358281, -0.07783296830160899, 0.4781596236188015, 0.30654098101186644], [0.7432756813989077, 0.29833751837160927, -0.6417827469108097, -0.027333518376821936, -0.47846993278818506, -0.21158685962791204, 0.6169564243856037, 0.26027208841189614, -0.2853371526204483, -0.41384838186282225, 0.01338323337456105, -0.49665860123130723], [-0.27399187090859706, 0.1273773333693286, 0.4716541636928835, 0.24852583033589196, -0.9354150248429591, 0.1242571968006814, 0.029407583128203418, 0.16897000144300237, 0.6598148395652497, -0.8423134993251429, -0.2413169628216028, 0.24123649610467465], [-0.6456832097842921, 0.602553675679611, 0.15038095741610308, 0.34561646495465287, -0.23308677376745107, 0.3322176352702705, 0.4362016861417886, 0.09507205360760805, 0.09569376372744601, 0.11036716527522765, -0.3524592284099238, -0.06022833150251397], [-0.06226706313089455, 0.15651988969664857, 0.408176539565447, -0.43214554586200116, -0.05103472292051279, 0.6048016947299818, -0.30356862322178113, -0.3356821638926551, 0.08259115696533911, 0.3447188105086353, 