{
  "leaf_values": [
    0.5451577182874228,
    1.4578342237243027,
    1.539669679611853,
    0.4615202030309853,
    1.549369018755244,
    0.4713621257513761,
    0.4380024349881157,
    1.5299506601663584
  ],
  "eigenvalues": [
    -0.5635262981014147,
    -0.34329008953814,
    -0.09060500891810375,
    -0.000280959776469982,
    0.0001999226786528547,
    0.27363675892645467,
    1.6346274351469772,
    7855.269645287812
  ],
  "n_positive": 4,
  "n_negative": 4,
  "n_zero": 0,
  "nature": "saddle point (4+ / 4-)",
  "lam": 0.0
}